id,first_name,last_name,birth_date,email,password
1,Troy,Hartwright,08/04/2003,thartwright0@senate.gov,$2a$04$e06yiPZSx9XCRlXsUkqLXOXmiyfofjK75ucuIYn2xksL8QKRHAELS
2,Melisent,Scollan,30/12/2005,mscollan1@desdev.cn,$2a$04$sX7hdMkjuj60FVmBjMmUfemkfjA/HT/UQBKQBm5T0tnq8yRX0Wrme
3,Elnar,Ventura,14/09/1993,eventura2@nsw.gov.au,$2a$04$Irx8.FlXiwKL/GZgrMeOvOlDHiaTshifKfLoqYSpewioBPu1ohXzC
4,Ivett,Tarrier,18/10/2006,itarrier3@java.com,$2a$04$ji7lYGEZe9k4i0J6MyFAo.onsrSe7WnHAJAHyfuHHAiiD8L2dP3EK
5,Ian,Witherup,08/04/1990,iwitherup4@toplist.cz,$2a$04$AUojgCzq9yIt3PzaUxWD.u7xHSr1g9uuxa71IDbP7uRqTI4b8Y/JG
6,Tanitansy,Gland,24/01/2007,tgland5@homestead.com,$2a$04$IHb7iO8F68h7brIyFR/m2On0r6jifrcN.KeFdmtQwpNgMkw8u18L.
7,Chester,Horsewood,02/05/2005,chorsewood6@quantcast.com,$2a$04$5jYJHxxeYFRZXwrPezFlyuGaNaEuWDQcY5iq1/Ji1gS1Bsd9HnzZO
8,Toinette,McComiskey,02/10/2003,tmccomiskey7@free.fr,$2a$04$p/V60wLmN4pEkuGxdwwDjuAO/R3OXBSjlrcQMZct7LwvLPEdocvU6
9,Gasper,Angrove,28/12/2002,gangrove8@arstechnica.com,$2a$04$9RToy6NQIK99J.RhUYOzVOyx1reLOaBCIlx8R7EKfePnwYPgE7iOO
10,Barbee,Farn,07/12/2000,bfarn9@amazon.com,$2a$04$12uU9HEV.rP0KwFoDUMaR.WqQmWYjDZw3ZL5Zn2mthh2E3Jbq68Ae
11,Xavier,Dofty,30/11/1999,xdoftya@businessweek.com,$2a$04$AMVD9qK5rdbkw9TGVI9ZG.04DqvBw8TpGyRQhMKG7Bgzl4iBnzeA.
12,Thane,Nutton,26/03/1992,tnuttonb@harvard.edu,$2a$04$TYbhwVP07bUA3iBmAUUrFu5fdCto3vRN1o1gymAd0BLFYEB0Ik.yu
13,Cecilius,Adamowitz,29/11/2010,cadamowitzc@google.fr,$2a$04$L2a4Yp/d78PcEQnENBQ8Yu2a1Wi8MTAupRv/y8vzfcB5Q2.FCMTFa
14,Aldous,Peacocke,19/05/2010,apeacocked@naver.com,$2a$04$rSW6AqRqK54k3g.2sbCRwOIysRJf42DxgDTijuJ6xnlKVEDKnJCea
15,Dominica,Oleszkiewicz,20/12/2008,doleszkiewicze@abc.net.au,$2a$04$b/E9.m.kzIP/.fM26JHsnebQcvXQlHAeGZNbxHIiGbCcRyRKmAtC2
16,Netti,Spurdens,19/12/1999,nspurdensf@booking.com,$2a$04$g03LVHs4b6j8KaC0gikAq.t4vD9G09trsQT2D/jYD2aHq5QLPo0Qy
17,Salmon,Giurio,03/01/2003,sgiuriog@addthis.com,$2a$04$OoYfipPXkfK1EpQYYW3ycuvkj.hMaoB2/DiJQ98lI.G18VzK2dGc2
18,Herb,Cuardall,06/05/1997,hcuardallh@diigo.com,$2a$04$2ROBwPlGgNNwwDPB2GHtWetfUnGd/7OTU2FkUVx3yQ4LzibLO189K
19,Neilla,Pude,31/07/1993,npudei@hao123.com,$2a$04$7O2.KqzHgD7hrg/gFvg5zOlXN98Z3DXwZlVrsJKf3wSUerrXm4z/O
20,Vonni,Retchford,01/06/2004,vretchfordj@google.de,$2a$04$iYpV941qiD6KlZnBcn5Fg.MbirXRNabd95fQGjhGAhudBNvSXmpcG
21,Natalya,Haswall,09/06/1993,nhaswallk@ca.gov,$2a$04$38xjURkd/yS576Yb6uS.pOx0rkDi0sFe6aDLXKeBzN1IVyfARdtM2
22,Alfie,Tierney,02/02/2008,atierneyl@histats.com,$2a$04$lPgZeG56QyBVBdL72qfEBuOIUHUruGVTpmaL4U9C9s6gE1/4umI.y
23,Gail,Robart,07/01/1995,grobartm@plala.or.jp,$2a$04$zb5HWeon76fJEqiq5yu2peeMtN0joKCgO77RXaxKB2ryx0HtWh8TS
24,Sergeant,Woolliams,18/10/2009,swoolliamsn@upenn.edu,$2a$04$4daLiChLHsg3O8YSEe25eeQlLHvNahzVQTSxVF2Jfs.X91tPaYXB2
25,Emeline,Gosson,03/06/1994,egossono@drupal.org,$2a$04$ndNmUcLGXaH6an/awIOFz.8zc13QXNbaeAowDVyaVJb91MHRHbAoO
26,Jenica,Billes,26/08/2002,jbillesp@chron.com,$2a$04$6bgM.JLWJ/1CHvMkGfWHQevsmc/gbrX0MZYfGmKWGp03xB5zue.QO
27,Westbrooke,Lints,20/08/1996,wlintsq@msu.edu,$2a$04$FDbffih/utiqqAd5fqi.2.wTJ1HA/D6Q7CwbxLiFw4qsmPiNMVokS
28,Blithe,Karolczyk,03/07/1996,bkarolczykr@oaic.gov.au,$2a$04$3LWF5OX.dYDi1MEBJ9a7deGe0q7eia1U1YWfx.UOzBvDPrecgoUSe
29,Georgie,Hanretty,01/10/1991,ghanrettys@skype.com,$2a$04$DZUAZaC4y2FGNqOsvuyysOAcvNM6DQlJYW2XBgUu68wwcDlvBqn6q
30,Chris,Bachura,12/08/2006,cbachurat@baidu.com,$2a$04$4Nx4CHvtmn3sWzXnQpxKXemYmMhv0bPw938eU88F0lWzf1x9elp7e
31,Marietta,Kristoffersson,08/11/2003,mkristofferssonu@examiner.com,$2a$04$vQUiv4Aa.kdxd8pDfMLf9OnhEplkykQO8KyhKabBza1vW3SFra8B2
32,Emelita,Markova,19/12/2010,emarkovav@tripadvisor.com,$2a$04$/DWNFNmXbYyzESz8sv8Qm..d6A8G5tPsb3IloNB/R6CcD3Mk62pxK
33,Kirsti,Morrison,04/08/1996,kmorrisonw@miitbeian.gov.cn,$2a$04$tBl6HjJUvbrs0D2wJxcIvePxGlBzMsnwGAiWvX7IUxZIrNzmoVSTi
34,Fania,Tonkin,18/03/1998,ftonkinx@ameblo.jp,$2a$04$An.XpCbYhx9eEBNpn15/tOsJ7tWrfzdRO2H5MLRpDTcbkpZlrNdGq
35,Meris,Rodolico,11/01/2007,mrodolicoy@google.com,$2a$04$6VpoZyWp56rimhgJaq3u8e4M.yn3c4qBPcroepTULwqNX7MrB8ZQe
36,Bert,Cashford,24/12/1993,bcashfordz@vistaprint.com,$2a$04$Zf2kiHHUzTgczLDyD8agQ.FWklXyA.0Xro3EeCTv3SFeHR5V0CFEq
37,Clifford,Sharman,21/02/2004,csharman10@hp.com,$2a$04$F35bbYCjD9LLdXD.jLeQNePfcHlSpYPE00JsnpdoJVzXfwnpyUir6
38,Sherwin,Clamp,02/02/1999,sclamp11@cnbc.com,$2a$04$122IndrkjTCQqkZJz2pxTu01E3TQFY1LPqXfZJhWXEQzPLY1kUr9K
39,Sophia,Broomhead,11/04/1996,sbroomhead12@disqus.com,$2a$04$Pqaf4RpIlvkLIIUY6GRuj.BI1pGJQFEVB1kfskpMubaeq7oNSqNOS
40,Trina,Sleightholm,05/02/1998,tsleightholm13@amazon.de,$2a$04$/KHuDtU6lV85ucdXDZGSEOC1T6TFFg84U9pazLLUzclLHsQ6NJEBS
41,Rosemonde,McAlister,11/03/2004,rmcalister14@sogou.com,$2a$04$WwmpuUNCftSfrtgJ2XJq8O3QmdKnzkSi4S0p.QRaZ6k2zCTxlaU7K
42,Katherine,Ethelston,31/03/1996,kethelston15@state.tx.us,$2a$04$038X6bPB37iwwYNwGgj23u1r3uZORHI3VdyVQiNThxFrvPiQ1wc3.
43,Almeta,Eakin,12/09/1992,aeakin16@ihg.com,$2a$04$DNaxtUdpPko7VWE4Fmv0K.PPu7AT.WstjZqbTnYU3EWvc5R4CI/ce
44,Daryl,Harner,16/03/2003,dharner17@fda.gov,$2a$04$XVxdWX6HD4aUicdTvnMklut27lce/y5ltD/Fxfyx4jX9gjO/UNa.m
45,Eddie,Berntsson,20/06/2001,eberntsson18@a8.net,$2a$04$DHICaAC.W7qetVIrPZj0DufvQV5h01IwK638nkkUdAiWsViqvolfm
46,Blake,Purser,13/01/2009,bpurser19@istockphoto.com,$2a$04$Fk1z.qIIdFvTBVnnJp6Huu3SwozYsRPFZQt/XAXeylGkt9wQoeP0e
47,Maude,Backes,26/11/1997,mbackes1a@twitter.com,$2a$04$Dgadb4lLQH9efXScMZOmI.lEnsbqhEUrZadl9YfPlOeth9KTEcMJu
48,Johannah,Stanlock,29/08/2010,jstanlock1b@home.pl,$2a$04$8EUgyx590fSulyws24qfq.C8I0QroktAbQSLuxCNK/GKaJLcVEjKy
49,Collete,Quick,15/01/2000,cquick1c@deviantart.com,$2a$04$ZrqXSfHlA6qq9YdHw2ozjOEPDYrLEHJXYD/e5aa.btAQ/d9BTtHRa
50,Cristal,Byham,11/01/2007,cbyham1d@noaa.gov,$2a$04$3pFxNWiqtjK.bQLw6ZlDSu5XJDkXBtOYCyESB1P6IImv6w8yprmVW
51,Flossi,Bissex,24/05/2003,fbissex1e@digg.com,$2a$04$OlZBrTd5cUbcxAAXHR2ZG.hc9zO6KaCE0rMyqsAQKvwRq./NCkSzu
52,Luce,Andrioni,06/07/2007,landrioni1f@bizjournals.com,$2a$04$ne51qEBKlNB9GzW3RIOF4OLJ5X31UmFtJSwBBfhkV8em7sOfniTCC
53,Keary,Caukill,31/05/2009,kcaukill1g@a8.net,$2a$04$cL5IHLtl7QMVil3nsSNlyOBijlJ0DPqNDcxAj1H/FG2ivHocbJj.e
54,Cleve,Gronw,09/01/1998,cgronw1h@nationalgeographic.com,$2a$04$PDn4b/qvQXKNgb.I9qolYuOtblo9fOOCdgZpxYJoJFDyIUVaLrAYi
55,Lolita,Barfitt,15/07/1993,lbarfitt1i@biblegateway.com,$2a$04$zpp7oEyU1QstC.7gJTD.Ou4ZdSvdj9mOPERYEIJBfNmSy0JFbd8zq
56,Silvana,Dyett,02/05/2000,sdyett1j@feedburner.com,$2a$04$/h8CEr8DKZz0XC8llbUe0uXnrPIm7VBRKGVXeZ46It0oRe.vRTPVC
57,Aldon,Fendley,08/06/1991,afendley1k@wsj.com,$2a$04$6z4yKgYzGUvwOoR4a9fniuIOK6ff3TkySa.gZGdROsSMymje18a2W
58,Arielle,Egre,20/02/2002,aegre1l@sciencedirect.com,$2a$04$iKiljkf4yPTmvuJ2wQR8y.liWv6SkThItu2BFCtSFznjQ5moVECY.
59,Bree,Osler,06/07/2005,bosler1m@chronoengine.com,$2a$04$OAam1g6IwbRGVsrIRgxfPeNvdKE0jTY8wu1LbspquaJDjbvZZ/JNO
60,Perri,Eberz,17/02/1992,peberz1n@unesco.org,$2a$04$7pG5ActFFG6WHHug/wT7..y5CF4CpqL4Griyt4HeUzD.qCx5JBvUS
61,Guillaume,Glowach,04/11/2000,gglowach1o@comcast.net,$2a$04$eQB18wVYk1E4DIVPd2voYu.p65Lb7j5jivVA4LNdvyoUEoDlDBL42
62,Maggie,Heighton,28/06/2004,mheighton1p@slashdot.org,$2a$04$aPazdLPUbicO8Wk18yfhauUUayrJfb3bSt07tLNWQ7knJ8hBMzpGq
63,Fletch,Samarth,21/07/1998,fsamarth1q@sogou.com,$2a$04$A3efdR5V0fvpPf/2V64zAed3FsSrZs54LqSv.lHccQQ00quwt.im2
64,Orelle,Goldstein,21/01/2002,ogoldstein1r@soundcloud.com,$2a$04$rGICaPsgmsZ2XUTXvD22FeIDHPfprsjSTxhL0kti4xnlKlqfAjLH2
65,Zach,Stotherfield,23/01/2001,zstotherfield1s@imdb.com,$2a$04$zieuF0H3e3y.rMpS6TYUOeQ7oWU8EhkTcwcjd9icOmlQvskyLWg9e
66,Anstice,Arnall,03/04/2003,aarnall1t@java.com,$2a$04$753fGQz5RMaHe/hcdMdPJOfi1ibenPsaJv0gBrknjA2R4jGfPFV26
67,Erv,McFie,17/11/2003,emcfie1u@usatoday.com,$2a$04$1Nu101v4F/shfUs0xkhed.bb34w6JU6WS8L7mT7nbk9kf3db1VNe.
68,Gunar,Pietron,02/11/2005,gpietron1v@xinhuanet.com,$2a$04$3omwCTb1V3UzsVaTp1RgL.xlz1MeSwbV7OAsgJ3hZ6hLUIN8r3UQi
69,Jessee,Parnham,20/06/2008,jparnham1w@jalbum.net,$2a$04$3P3e.hDc546zz4m3wiPRIuB0vn.E5eVT0cSG8g0DMxzNejj6Vk9Cm
70,Holli,Romanini,24/05/1995,hromanini1x@merriam-webster.com,$2a$04$QYv4U83qUONEBloh7Zvyh.us7uV1ZYIay4X.srE9PhKCCpFAPbM3O
71,Wilburt,Delafoy,22/10/2005,wdelafoy1y@addthis.com,$2a$04$Lda41S5HW3pnohmF//kxNuKXe0gO7WFixLenTpwDfK0D3TIkbQU5y
72,Sonya,Prahl,01/11/2000,sprahl1z@google.cn,$2a$04$TWOyKAJtrG.YXKqiyhys8efuzNY09akdN1tv8kGBEx/55WKp4Jg5K
73,Alikee,Hupe,12/01/2006,ahupe20@hao123.com,$2a$04$Hblftfddl/egSd5kLTXkfO9AwNFzaZzfC6GiX/ZsRWPqfvuFy1MOG
74,Aldric,Filochov,07/07/1991,afilochov21@eepurl.com,$2a$04$aa4RQfMlKmmc/caUHX.Zq.R5JDdApdlYKretRoNxpOMN.5UAd0Ex2
75,Silvanus,Bourke,19/10/1997,sbourke22@cnn.com,$2a$04$V0.6jcTLakGBxY895QGsQeS2qfSZMQXfhtMKuMlCs5DskNCOF.cIq
76,Taryn,Paulou,27/05/2004,tpaulou23@weather.com,$2a$04$cONFNBeOEo/Vh/rFHluaO.LkD9kdA2j5cfoUxV1fLN8RSZb8xYl6O
77,Paulina,McKenzie,25/07/1990,pmckenzie24@google.com.hk,$2a$04$wQXLzioX/8irlV5T6g8WTuykGxhiVAtZtJ9ljo9C6w5WI1fbzKlXG
78,Berte,Cuberley,06/03/2007,bcuberley25@yahoo.co.jp,$2a$04$.qbmAgzzcwx9Nr03PR/g/OuoUTX3W54uD/mY0yUF3y6gJIIsL6wK6
79,Constantina,Sherston,29/01/1999,csherston26@google.com.au,$2a$04$MMIuqEHJE8Rjq1Dsk35Liu45kCiel91un37/clm2JjFUMi2h7Of.W
80,Harley,Dudden,03/09/1996,hdudden27@unesco.org,$2a$04$QHXOf9Zqojnicw1Jvn3A3OOWwMPoTvuN5DMmHTva7LH2zE/bSW4YW
81,Florry,Gibbett,29/09/2009,fgibbett28@yale.edu,$2a$04$PJiiHu94zl4PnrUCvTygt.Bk41EZBCpeP/3aDUzn5vLx8PSIYee1S
82,Justine,Bonder,17/10/2005,jbonder29@vistaprint.com,$2a$04$/jRnPXX286q6D.Hy9MfWbOcQ.vSSPG9HNBmJnXgPV.awkM5J6LUXS
83,Pierrette,O'Cahill,14/09/1998,pocahill2a@bloomberg.com,$2a$04$h8l5zS69ZCw/binLEgio9.FeiiNq.2hL0WwTLgSSRF89GMXQ6Isw6
84,Ardra,Kinneir,06/10/2008,akinneir2b@sfgate.com,$2a$04$KLJ55pzXfJMLYCf/y/GayO5e2eONGHzWYdwJILcq/8ci0Of6PjAVu
85,Rolfe,Stealey,19/10/1995,rstealey2c@instagram.com,$2a$04$oGF83.tQbvs3vItrJWkvReaNWw9Rf6R1Xzicur92iIpQxTq8qSqe.
86,Ernestus,Giercke,24/04/2007,egiercke2d@flavors.me,$2a$04$Uh8WENGqrf2D2VRu84OQvOakermxrQVH.YzXhYVRifuFyeUmzJtVe
87,Lukas,Fidler,15/11/2004,lfidler2e@goodreads.com,$2a$04$8GGk0TVJ9CAdamgSN6MRC.hTxzROjYERjQ.raN8rps5DlLS5oJQtO
88,Moll,Kobieriecki,06/05/1999,mkobieriecki2f@time.com,$2a$04$.faDOPMUIh/.qccYw06rYOHuEZ6rJbWlqnF6m6UobtsQhVAgzRatW
89,Eddy,Mabb,20/12/1996,emabb2g@hhs.gov,$2a$04$9dUC1o0lvJVWcucHncSNQeNS03Qf9OPCfuEWYcD/GTM3dL7y/W7NC
90,Puff,Berthot,18/07/2003,pberthot2h@tuttocitta.it,$2a$04$liMZeeZ5YbrWhLcFbl93bOFLiSYlUBD5CzXbPK36UHr6SiRWALDji
91,Millisent,Parradye,19/01/1995,mparradye2i@gov.uk,$2a$04$gb8xVNswwgcpAfZCW4a34ed.7UOCvBmzdX9CVaw7UOTpuoSZWtnGW
92,Kaine,Saffle,26/03/1991,ksaffle2j@berkeley.edu,$2a$04$vLzPNFyH0jQAKEwfJrrNAecEmpft2amrdCsdwt45ue.SJk7GK.kRO
93,Betti,Cominotti,03/06/2007,bcominotti2k@ovh.net,$2a$04$8X7v5gQ7EoqRbaHJz83HxOod6qyFLnjfYHOFNxjXDTcWf8CCewYwu
94,Maurita,Jedrychowski,16/09/2009,mjedrychowski2l@angelfire.com,$2a$04$lR5gyhcZgYiVlmsW6BlHfOf7Z.cB6kJ1aCnjXPr3Jolx4fRKBPo/a
95,Katrina,Messum,08/03/1999,kmessum2m@foxnews.com,$2a$04$1sXSf5wd.OZt0dfsLnlIn.e8Ngr8XSgI9dcEUbyhAyv8tPbP5yq7K
96,Consolata,Rachuig,04/10/2002,crachuig2n@arstechnica.com,$2a$04$Rb6UBnOEMUTsjzbsQSRcXu6DGboEd6DtS2NLQqBsp6XDC.Kw67qGK
97,Codi,Elward,07/04/1993,celward2o@networksolutions.com,$2a$04$C5ukcO5ZYeIBgmfgJPG1xOR3k3SrgkQKMMH4cGBGTzX/60PwF4Ytm
98,Hobard,Larsen,27/10/2003,hlarsen2p@geocities.jp,$2a$04$uC2PP0ehqQtBWw9HEq2pSO8c8KDXaFtxYK8uNYyyJKbr7vPbbxkVe
99,Vinny,Lippatt,14/09/1990,vlippatt2q@edublogs.org,$2a$04$tO6yVYrj2XsXTwAkIuEFsOybBAgRnlMSIFYPEWh5xG0rLFAVVc7pW
100,Caldwell,Pownall,05/07/2004,cpownall2r@vinaora.com,$2a$04$nOiRljd7BM5Ple4vHOz//uscqwvcfpOQLt.S19SZgZ4ntfrL5pd96
101,Gay,Romao,17/08/2007,gromao2s@pbs.org,$2a$04$jXKdAQVw2aXP/tg6jucop.B6L7T5B/h/R3JhcgocoxBlCnRM47ulG
102,Kimmy,Munnis,08/02/2000,kmunnis2t@nytimes.com,$2a$04$XXfnJOcTD.VJUqc6FxKaaeHQBl2hZpkJWcqysb6ElPBB314TEdm3q
103,Ware,Keers,15/10/2002,wkeers2u@cnet.com,$2a$04$rSdVKxqOGrx0PznQ6V5Z0eRcspW4Gvs/iLDenRPygDCJHA5UxU7PG
104,Melisent,Das,29/09/1991,mdas2v@bloomberg.com,$2a$04$2f.HtvSy1ZNbEOpLz6zW1eKsV58r2NjxtWAwEliU8160kZAa3kqVC
105,Thorsten,Grishmanov,31/01/2007,tgrishmanov2w@forbes.com,$2a$04$WaztvsH7HMZZuQc8rMMF2upaDPlLY9eLmPtkpPgp2h9.0mbR5/Dry
106,Smitty,Grigson,13/12/2000,sgrigson2x@google.ru,$2a$04$9Hma48iR/1yqtSBVE43kYOqHLQz/vNe9SVByOadV1prQvfIEEABJG
107,Edythe,Poter,01/12/2006,epoter2y@tumblr.com,$2a$04$GypqmWgbSGyawNlr8TNl.uHleRGEkT2yc3k2hvEFONO4VLOsT65Mu
108,Kate,Knappett,08/02/2003,kknappett2z@hhs.gov,$2a$04$dhsGDwxyiWHGlsalMGoqleEhpH2H8dSuqUJi8Uik3.aFRhTjDu0Uy
109,Storm,Connikie,16/04/1993,sconnikie30@apache.org,$2a$04$5/lJtmzErH5no9fKQPY1AO.zrkaUu9p67pkNnGHJyorByLASfAAKK
110,Barnie,Rudeyeard,14/04/2006,brudeyeard31@fema.gov,$2a$04$ehQj5HmK9/AFK3KkzJbI3exi8sL7c3Ba5GrbmBspPekrqE7qf2QkC
111,Victoria,Woodison,24/12/1996,vwoodison32@123-reg.co.uk,$2a$04$dwNpMjzLS/DE8nHvnHq66.YphpOfG40gdIxccZAq0UaSW18xkyMgO
112,Anatollo,Rolley,27/05/2005,arolley33@squidoo.com,$2a$04$fX6Qpb9eKKNFCfuAF8qrzuQd/PknYwSMZ0vN3tfcgtYK6Ll906M4C
113,Gerri,Seaborn,15/09/1991,gseaborn34@godaddy.com,$2a$04$RexcOFWt2AwwVemtVI.ci.EV07NSuayDLZ5jn8YNz.nxSdxhqZnce
114,Broddie,Harland,08/03/2004,bharland35@ftc.gov,$2a$04$C2vX6TbfweDKzZXunrPEme0/c7Wr5DjS4MCVPFXztdv7sMVLDcBcS
115,Samantha,Danbye,17/12/2003,sdanbye36@goo.gl,$2a$04$AHt1VX5Fc58KAvksgoe4ZOinHSfi1PdR885/ggg78Q5XmcMO1srM.
116,Inness,Batchelder,26/03/2002,ibatchelder37@nbcnews.com,$2a$04$kOGzsfZiesGE/yGVh0u5iudzQlIF72TSzsmRnFiDifNBzQiGsmHKe
117,Nady,Lenglet,05/03/1998,nlenglet38@eventbrite.com,$2a$04$NLGwAYwUCWNsFaNOx5IBCuLnHD63PLGnUGsuGRCXFkPjb3fMD2xb.
118,Chane,Stolz,02/02/2005,cstolz39@jalbum.net,$2a$04$.VVgQqX90NoGM/wBheDAI.Wo.19KWM8XibCdHmKZ2v2cPog2sREJm
119,Lira,Eaves,25/07/1990,leaves3a@berkeley.edu,$2a$04$V3s4QqTKDfGivjOKyPLNv.VBH.1bbsdg2JEaL.f3JKtpqzgdmjbQu
120,Fanechka,Milier,02/05/1994,fmilier3b@altervista.org,$2a$04$jLiy05fZnoUw0jcLi/QlXeXUOJeDI2JXLPQk8BXd2s8SfNYRLH4Tu
121,Ronalda,Haspineall,20/12/1996,rhaspineall3c@squidoo.com,$2a$04$pjOgjQdNzGaPKrhI8uEfLeOd77Zf1JvN7h9H23.04mITwOybpejna
122,Willyt,MacCartney,30/03/1992,wmaccartney3d@hubpages.com,$2a$04$nXQPGL/eC0bifHNwA8XdPu1bGqD4n7An6mR0qvcU7kxIamd8pUnZq
123,Ban,Ludwell,11/11/2009,bludwell3e@hc360.com,$2a$04$GQZ6OizCH2zYNiHAfDatwe5dhtgAtXLMYa7S4hq7Xwi8zfj11t616
124,Ivett,Cottier,26/06/2000,icottier3f@woothemes.com,$2a$04$sAVKi2cneamdze3TYf9RMedLXAYZwTJmsdYk5KygZ2S9v95yITnd.
125,Albie,Rookeby,12/12/2004,arookeby3g@shop-pro.jp,$2a$04$eoCwbqSUAaUDPz4X93QK1ODD.1eBhXIWNQ/sljJ8W.6bRVSv9gNo2
126,Ettie,Blain,30/07/2006,eblain3h@japanpost.jp,$2a$04$YnoCUvS.Cv6GMKybQLmie.WSz.KbT4izMnnu6B15FoyhaXPvwnrYm
127,Licha,Dilley,12/06/2002,ldilley3i@slate.com,$2a$04$Ecg3wmRvqGxYmIkSVm4EvOd.3D9TKjECXs9BqdrGdQ.632hN4dwla
128,Barton,Ribbens,29/06/1998,bribbens3j@vk.com,$2a$04$Z91Ns2QyDyes968yGOegYueUaz0/p4102vmcwyf.a6aNm6JoWPRCK
129,Lonna,MacAndie,09/07/1999,lmacandie3k@unblog.fr,$2a$04$WYhrKydC4vH3SrbVBLPRLePUAEW2rspu1Kk0sze/4LxlztyJ4SLzu
130,Brianne,Gyurkovics,09/02/2001,bgyurkovics3l@economist.com,$2a$04$w.H0c0RcFCp5xMcca3HmLupA6DKLwKJRCLJqcgifjioqc0HIvwLfO
131,Raphaela,Stansell,12/02/2004,rstansell3m@chicagotribune.com,$2a$04$NqMrrSuL7/Hj40lT8rTqxedjjAfINjYzV7ANVwByuCfr5dPC.WVcC
132,Eduard,Isitt,28/05/1991,eisitt3n@google.com.au,$2a$04$UPr0iBq1XLdsWCrJaYidi.uCxtALclV/FDlRSKtFCsJU5XjuxEDa.
133,Casey,Dreakin,06/05/2000,cdreakin3o@so-net.ne.jp,$2a$04$NUxWRUnUxc26H10kLEje/Owtr5Q7gLZ4ay6xFBqLcq/Nvda55h4m6
134,Davy,Palphreyman,03/12/2007,dpalphreyman3p@chron.com,$2a$04$yWTcjYna7H6fKVHmPZrhtupLnaMMmZhVAUx0tKgsHSnUVTqF0y0ZC
135,Chev,Jerrome,29/03/1994,cjerrome3q@aol.com,$2a$04$tDeCCG3N/FwWVxyjPWmGXuLm2mrkoFKXKVIlqGV5D01vfyV.Ux5K2
136,Bailey,McTrustie,26/07/2002,bmctrustie3r@wikia.com,$2a$04$gcWOhn578HxpsYeFm6WDeOVTvJDaG5ho/Mrau4KoNTHO3UwNBTYnO
137,Margo,Redwood,02/11/2009,mredwood3s@nydailynews.com,$2a$04$jHg1aEZoSEuJGugJu5qmuOoZnSLz3E9YQaetmYN/zl6d3YY9N97SK
138,Marven,Meert,17/08/2010,mmeert3t@ustream.tv,$2a$04$ijoWrwGHYFGW2P7fkbPOgec02NEhYNxSTNsVkwawrdkTWB2hpp.26
139,Shamus,Ranyard,24/11/2000,sranyard3u@ted.com,$2a$04$2UqaEsFUxFLzRUCBKjmREOx.t.WpPkD70QRdLHa48rvyFuT5wbgRu
140,Benjamen,Norewood,20/03/2002,bnorewood3v@baidu.com,$2a$04$4CkKkJ4rJ.zNPf2/VANCwO4K.edlKl2BxoiCghZBYnJ3SphYq.Hbm
141,Greg,Sly,13/11/1994,gsly3w@phpbb.com,$2a$04$G/3zS68GkRvGL7f.ASPt1eJ5TP68lczmbvWlugzPWl1FSnOgCN35C
142,Randee,Probate,28/12/1990,rprobate3x@imageshack.us,$2a$04$IXfgTIfmesFL/J.81pU/weYdp4SNOK1Z/KlVpLz8pYQjhf2coeqpm
143,Abram,Gallelli,06/07/2006,agallelli3y@yahoo.co.jp,$2a$04$ocz2F7swQqg4a8Tbzn00K.gPevtyghGjIcSfHjLx4cZAujBu0S99O
144,Benji,MacGinley,26/06/2009,bmacginley3z@digg.com,$2a$04$im6OgxLqCJmoePoFHJde1ej3jFK2kEJ8VEBQ9JrCHCmkB2ZoFQHVy
145,Quintin,Addekin,30/12/2009,qaddekin40@baidu.com,$2a$04$Cn7SHAreZDfpuEh58Q.sluCmRmAqKQNckdrRsy0SYr2Pa4Dk5APsG
146,Jillie,Ballantine,22/12/1999,jballantine41@ed.gov,$2a$04$qFxbZBbXk1McxxIMijW18e5Sc5Uf9jjJtpTXWns.TYrqC1OnsMSwu
147,Florance,Rackley,20/04/1998,frackley42@gnu.org,$2a$04$CGZyrgI9cQ.2lpOr1JbvfeyP6BrfKAfwVo661hzstTKbrKNVqGYcG
148,Susanna,Manvell,19/07/2007,smanvell43@nytimes.com,$2a$04$5wyEXsnufVbaUa3FNWTnTuS87NjbeVe1BWwIkZC23caGKiC94Bbgm
149,Winslow,Surmeyers,30/10/1999,wsurmeyers44@aboutads.info,$2a$04$4e7H3Hf2VW/zgE00TTzloOyBvSLysJ.piimlW7Htlpz4QZ3xMFz2S
150,Marne,Gillease,07/05/2005,mgillease45@cdc.gov,$2a$04$qRwHPqN7fiEQl9YGvRU7euslgRHQPXMW4cNKKFnGkzAGvVElsLKl.
151,Tobe,Leyburn,07/01/2009,tleyburn46@jalbum.net,$2a$04$CJP/Ti9wQAzehoqdwd1aReXwigH.0kmR1msEYafBY1c7gvViqG0Ee
152,Aldus,Starling,16/11/2007,astarling47@techcrunch.com,$2a$04$/rwpf41GwhDUHev3O2.tvOhQaPFW1maYXQpVZLdn1Wonb/PARi2V6
153,Hans,Wingeatt,16/07/2005,hwingeatt48@bbc.co.uk,$2a$04$X/vHqkWekwq13RiK5A0Hq.50kl58XyWOig3..42WY9jvu2Z4QVA9y
154,Chalmers,Durnill,09/09/1993,cdurnill49@cbsnews.com,$2a$04$GydYVn6P4F7udH5Igh.FYuMnk66jNii3kl4xg.Yym64mI2y0rhgT.
155,Theresa,McCullagh,15/01/2003,tmccullagh4a@goodreads.com,$2a$04$xSjN1Yfz7cnK1Gmg8jq8OuwvIw71oZwjhaFoiW4GUvs0niHXSplc.
156,Danielle,Alven,21/10/2010,dalven4b@tamu.edu,$2a$04$y/8rHXrOhb5EP/5vPMtGmOgPEw.3Lnee4.x02DBSzjgged2GilxFO
157,Sherwynd,Rintoul,06/07/1996,srintoul4c@edublogs.org,$2a$04$LnMSEhA4mdaPijgyl9e5recIGv59VZvkacB9cEpw0J6Ps.oCtHiOG
158,Allyn,Tolomelli,16/11/1999,atolomelli4d@parallels.com,$2a$04$rWPVlGtEoi64QoR9SJ93Wu4e9.c8UVKv4HXJjFIJfJHa.eTCTmTcm
159,Cal,Harrild,15/05/2005,charrild4e@ustream.tv,$2a$04$dq.AOpm6a77xmJ.69CBJOec3Yx4vGcaE0Rxd8PqKyMYV7GdSgVEGm
160,Christean,Pearse,27/12/1999,cpearse4f@wired.com,$2a$04$YEFHDZvNij9o6FPjZwBQCu0Rmx8VjD167jZluzGhTix0dCvsohCBO
161,Rafaellle,Dimberline,02/12/2004,rdimberline4g@nyu.edu,$2a$04$rjRWInXKO.bpUVymc/S8pe7CaOubveAWODdj37vdTAR02aKqHGPn6
162,Bran,Quarles,05/05/1995,bquarles4h@chronoengine.com,$2a$04$WGSepQak5Z/qGnzkcVV5nuIVD1C.0MD68JiW0zfc.WcbjGs7XWQWO
163,Laughton,Strattan,31/03/2007,lstrattan4i@bbb.org,$2a$04$e1lWpMbCXPyXN9yUB2lypes0QaT.i5Tcvsx.v5rXSXjoKSEIqOwie
164,Dave,Bett,29/10/1993,dbett4j@jalbum.net,$2a$04$dHO9S7sbSXlio2ejvpl9huTWSUJ3az/KpUpuaJdIPjho2Mjv3tjxm
165,Evelin,Wybern,19/05/2004,ewybern4k@diigo.com,$2a$04$3w67T/knwbI/Erom6jr6jeEqR/DN/Yu5YFvMPlVKK.cnMvRdZu9Ke
166,Ted,Seyers,24/05/1992,tseyers4l@harvard.edu,$2a$04$aDpfw41mfkFxNP.gYmmbUOHecE2QcOttqVsJLkUIDyJU6AJCZ2e8K
167,Ichabod,Moxstead,14/06/1993,imoxstead4m@senate.gov,$2a$04$AVka.04kyjfnlMKQ.n/iWOfLcVpy/LcmH9nuj8eljsyhJbiROfWDW
168,Mirabel,Endecott,25/07/1993,mendecott4n@xing.com,$2a$04$UK3jBgg/nVsJv.1eIunwNepdAEUzbkY.hJsY2cgx6ROjWssnYRB3i
169,Clayborne,Picopp,20/02/2005,cpicopp4o@a8.net,$2a$04$QbzrAdsfqcIjXH2Czg/7V.8I9OBA5DKrPKaKpdnI8lKGj0AqbydgK
170,Thorsten,Horick,15/09/1994,thorick4p@delicious.com,$2a$04$0DJ7a.BN6aStY7gOE.iWY.kFqGdRdvHz1quTFusEJok.5jkxhvEnm
171,Baxter,Paulucci,28/11/2000,bpaulucci4q@dmoz.org,$2a$04$wqhvESzuKxGcthGvdwIjPuJf/kl2o8m.VltbfolmqtRqy0rSUGqmu
172,Allyn,Bruhke,22/09/2001,abruhke4r@intel.com,$2a$04$Bba9yKgAnaz6xU2k3ElvLOWFOIAc4oILCyEFeEtZ6Q3WYGI/kRsd.
173,Virginia,Tangye,02/11/1993,vtangye4s@shop-pro.jp,$2a$04$dLiLQO5Jh5RWCFg6YdhfSO2L2B31j3rZds3orMNb/6cKB8pWAK.w2
174,Erica,Cooley,10/01/2006,ecooley4t@vistaprint.com,$2a$04$3oDqe8.URU3FGw3ahrXQK.aFQrchP9FFKiq2oI7g9Srn4WC7NnIQG
175,Elspeth,Megson,30/09/2010,emegson4u@marriott.com,$2a$04$mRSngKDdw4O5dDKaHC.uaua6HD..FJtrF05AMIsBOi9LQSu0iFj2a
176,Iseabal,Bleakley,11/07/2007,ibleakley4v@github.io,$2a$04$DXu2a6VTfdB04oF6mwDPJejgYMqFCq2FbYldPRD/jWuSUzn07/OyO
177,Kendall,Hadcroft,01/01/2003,khadcroft4w@gov.uk,$2a$04$FlxS9YZ.pIjvd19nZDdiFup1LFP4K1NlzQXYg.EGTQPMl4Rbx1lPS
178,Sullivan,Tallman,13/07/2003,stallman4x@merriam-webster.com,$2a$04$j4ijdopNrvMZtKNKL/Z4tekzDPJws6KYzvHR4dNtqDCehz4UL9lcm
179,Starr,Wallworke,13/06/1995,swallworke4y@stanford.edu,$2a$04$H48DtUP.dWELe891ynTB9e99gBke9bwXIPbNIyzkIHoIIzk4aVUUW
180,Early,Fretwell,21/08/2003,efretwell4z@omniture.com,$2a$04$tcm5.ht/g4QbOmdPB9yxgOGuLImleTYfEUvn6gHblcq2wt0hh7AM6
181,Wendell,Kintzel,21/12/2006,wkintzel50@mit.edu,$2a$04$eSW3/ycKJktKRIes2iVfzuzDkWQG1RFyKt3Gvofvik4AiYdZxHyfa
182,Nata,Fairfull,30/10/2010,nfairfull51@europa.eu,$2a$04$dnQ3179f2Os0oCpwN0nV/u9QRpHxLJrh7mSKRJ8bgazPtPyh7VsFu
183,Torrin,Fancett,20/04/2008,tfancett52@census.gov,$2a$04$lb9KJssjJuT3UuLn9l/iOOaEzU6yfGugNwJdayXRo4lsvIZJseNue
184,Fairlie,Couper,21/07/2002,fcouper53@feedburner.com,$2a$04$6QcG639U3QsaDY7M6eK9yOkNuGqb.21gAyPhLK2utpP453QiEzc7K
185,Bruno,Burker,26/09/1991,bburker54@t.co,$2a$04$ihZaE8uNqnoc96RsxFBLAu5kdncTNFEm/yGquugmOybXOBPeBoo4O
186,Bettina,Pidduck,31/03/1997,bpidduck55@prweb.com,$2a$04$ZoE7D7INjKDsh/1LIlA5XO07LHU2Cs5fRA3xZSwuz5ZrHYnxQeOi.
187,Willow,Lingfoot,09/12/1998,wlingfoot56@oracle.com,$2a$04$Ys1rhlLiuTX9c.vrfyK9T.msS2m7LbByL62PhHbYd8rVqyJ6p5VSe
188,Bamby,Ide,06/12/2002,bide57@princeton.edu,$2a$04$pGhVR2NYa1tk5Oy.Qp4tDO9zHhtgQHxEevHCo9VtIFkp.KH.7odq.
189,Ilyse,Gervaise,21/02/1990,igervaise58@yelp.com,$2a$04$sVRhcKyiTnLGp3n31gf7neQuk/iJdSBdOKYMEzeivz7j1lsMJttB2
190,Ronni,Cawsey,15/10/1999,rcawsey59@domainmarket.com,$2a$04$5Bx9TGwYQMhRLfYBMOynpOAcCfV5/maKmIT3XV3sEezreJ79HQNEK
191,Lishe,Needham,12/10/1991,lneedham5a@storify.com,$2a$04$ztNgVAHeDE6iBCULGfAkSeDi2h5ydjhQ5T21yHhVU0wi7WQMXfMfG
192,Georgeanne,Pullen,15/04/2001,gpullen5b@nba.com,$2a$04$ZhNaXyh9TYqe9Inyprlhn.PFd9Xg4ZUqFu68DMt1qwq9wDsuDKS1.
193,Nelly,Tompkiss,09/05/2007,ntompkiss5c@newsvine.com,$2a$04$UvtAH7ZkOF.Hptc3fNglP.9cjPE0AMo66K1uKbFN/4ScdnZnFXBqq
194,Mylo,Beddin,08/04/1997,mbeddin5d@noaa.gov,$2a$04$9FhgCdxiUv9J3uS1BJ4bTeebeaF6.EqBuisDTSL1M6EMvil1S3jBa
195,Agna,Turbat,04/08/1999,aturbat5e@webeden.co.uk,$2a$04$d/fsX.JB4CXhK6fsvwwb1eRpvmff8GO8zAzNEQdnmv5F8Kb38g/eq
196,Bea,Lindwall,17/03/1991,blindwall5f@utexas.edu,$2a$04$ZFYaaTlrQCD7KBR6mFgVZObi82jV7WHLL1I/icA.3SFE9Wl7sfpG.
197,Ilario,De Minico,08/09/1992,ideminico5g@hubpages.com,$2a$04$IjLL0WnF4ieY9R0sRQYHtO8dms/TJKJhTxCQIqTuNZrGteDNktQFm
198,Granny,MacAllester,23/08/2003,gmacallester5h@lycos.com,$2a$04$Ok7zQWyRTYbVp1cIEhc2MOXgcuMe74qgX3t2mEWaE4NUWq/rzhMaC
199,Mitchael,Baudone,23/07/2007,mbaudone5i@hud.gov,$2a$04$lc2poXBuU600jRGpCEvKEO/hMYoo6F32w4VVm8Jg42uYwxU57qMUe
200,Sib,Tennick,08/07/1999,stennick5j@yahoo.com,$2a$04$j8Z/qS1BWir1sOpjxBeKvu6t4JhRgqUqblP0gBJOiv8YVMWAghXQO
